movie_id,imdb_id,tmdb_id,rating,average_rating,title
47,114369,807,95,81.88,Se7en (1995)
50,114814,629,98,85.1,The Usual Suspects (1995)
293,110413,101,99,81.83,Léon: The Professional (1994)
296,110912,680,95,83.9,Pulp Fiction (1994)
318,111161,278,99,88.29,The Shawshank Redemption (1994)
527,108052,424,94,84.7,Schindler's List (1993)
593,102926,274,95,83,The Silence of the Lambs (1991)
858,68646,238,99,86.43,The Godfather (1972)
1193,73486,510,99,84.14,One Flew Over the Cuckoo's Nest (1975)
1196,80684,1891,94,82.29,The Empire Strikes Back (1980)
1198,82971,85,97,81.91,Raiders of the Lost Ark (1981)
1221,71562,240,99,85.38,The Godfather Part II (1974)
1246,97165,207,94,78.97,Dead Poets Society (1989)
1258,81505,694,99,80.76,The Shining (1980)
2324,118799,637,96,83.14,Life Is Beautiful (1997)
2571,133093,603,95,83.31,The Matrix (1999)
2762,167404,745,96,80.09,The Sixth Sense (1999)
2858,169547,14,95,81.85,American Beauty (1999)
2959,137523,550,96,84.75,Fight Club (1999)
2997,120601,492,97,78.66,Being John Malkovich (1999)
4973,211915,194,99,81.58,Amélie (2001)
5418,258463,2501,98,78.15,The Bourne Identity (2002)
7361,338013,38,98,81.33,Eternal Sunshine of the Spotless Mind (2004)
48516,407887,1422,99,82.68,The Departed (2006)
58559,468569,155,98,83.77,The Dark Knight (2008)
99114,1853728,68718,97,80.8,Django Unchained (2012)
260,76759,11,90,81.72,Star Wars (1977)
356,109830,13,92,81.44,Forrest Gump (1994)
608,116282,275,91,82.34,Fargo (1996)
1704,119217,489,89,82.33,Good Will Hunting (1997)
2329,120586,73,94,82.58,American History X (1998)
2692,130827,104,95,79.07,Run Lola Run (1998)
4226,209144,77,92,82.71,Memento (2000)
4963,240772,161,95,76.4,Ocean's Eleven (2001)
34162,396269,9522,94,68.58,Wedding Crashers (2005)
50872,382932,2062,93,76.85,Ratatouille (2007)
111759,1631867,137113,94,79.39,Edge of Tomorrow (2014)
134853,2096673,150540,93,78.16,Inside Out (2015)
202439,6751668,496243,93,86.04,Parasite (2019)
32,114746,63,84,77.93,Twelve Monkeys (1995)
480,107290,329,80,74.06,Jurassic Park (1993)
589,103064,280,83,79.44,Terminator 2: Judgment Day (1991)
778,117951,627,84,80.27,Trainspotting (1996)
1036,95016,562,82,78.96,Die Hard (1988)
1089,105236,500,89,81.84,Reservoir Dogs (1992)
1136,71853,762,84,82.59,Monty Python and the Holy Grail (1975)
1213,99685,769,81,83.9,GoodFellas (1990)
1214,78748,348,82,81.5,Alien (1979)
1247,61722,37247,80,80.26,The Graduate (1967)
1265,107048,137,82,78.16,Groundhog Day (1993)
1625,119174,2649,83,77.42,The Game (1997)
1732,118715,115,86,79.9,The Big Lebowski (1998)
1961,95953,380,83,78.21,Rain Man (1988)
2502,151804,1542,84,79.79,Office Space (1999)
3578,172495,98,82,79.58,Gladiator (2000)
4022,162222,8358,80,73.99,Cast Away (2000)
4262,86250,111,81,78.83,Scarface (1983)
5218,268380,425,81,70.62,Ice Age (2002)
5989,264464,640,85,79.44,Catch Me If You Can (2002)
6874,266697,24,84,77.21,Kill Bill: Vol. 1 (2003)
7438,378194,393,84,76.55,Kill Bill: Vol. 2 (2004)
30749,395169,205,83,79.17,Hotel Rwanda (2004)
44555,405094,582,84,83.73,The Lives of Others (2006)
63082,1010048,12405,83,76.45,Slumdog Millionaire (2008)
68954,1049413,14160,82,79.14,Up (2009)
69122,1119646,18785,83,72.18,The Hangover (2009)
79132,1375666,27205,82,83.46,Inception (2010)
106920,1798709,152601,85,77.93,Her (2013)
152081,2948356,269149,83,76.92,Zootopia (2016)
168250,5052448,419430,82,79.57,Get Out (2017)
207313,8946378,546554,87,80.66,Knives Out (2019)
225173,2948372,508442,83,77.88,Soul (2020)
322321,12042730,687163,86,82.26,Project Hail Mary (2026)
327081,33764258,1368337,82,80.04,The Odyssey (2026)
508,107818,9800,72,75.96,Philadelphia (1993)
541,83658,78,73,82.21,Blade Runner (1982)
750,57012,935,70,83.85,Dr. Strangelove or: How I Learned to Stop Worrying and Love the Bomb (1964)
912,34583,289,70,83.75,Casablanca (1943)
1097,83866,601,73,74.74,E.T. the Extra-Terrestrial (1982)
1203,50083,389,71,85.55,12 Angry Men (1957)
1263,77416,11778,73,79.23,The Deer Hunter (1978)
1270,88763,105,72,79.46,Back to the Future (1985)
1527,119116,18,74,75.87,The Fifth Element (1997)
3147,120689,497,70,80.94,The Green Mile (1999)
3948,212338,1597,68,67.83,Meet the Parents (2000)
3994,217869,9741,77,70.26,Unbreakable (2000)
4027,190590,134,72,77.48,"O Brother, Where Art Thou? (2000)"
4995,268978,453,73,79.27,A Beautiful Mind (2001)
5618,245429,129,74,84.44,Spirited Away (2001)
5669,310793,1430,72,73.38,Bowling for Columbine (2002)
6502,289043,170,76,75.56,28 Days Later (2002)
8874,365748,747,69,77.53,Shaun of the Dead (2004)
8961,317705,9806,70,76.92,The Incredibles (2004)
44191,434409,752,71,78.08,V for Vendetta (2006)
45720,458352,350,74,70.85,The Devil Wears Prada (2006)
48385,443453,496,73,68.62,Borat: Cultural Learnings of America for Make Benefit Glorious Nation of Kazakhstan (2006)
49272,381061,36557,71,76.83,Casino Royale (2006)
55247,758758,5915,69,76.84,Into the Wild (2007)
59784,441773,9502,71,72.91,Kung Fu Panda (2008)
68157,361748,16869,70,80.97,Inglourious Basterds (2009)
72998,499549,19995,72,71.86,Avatar (2009)
84152,1219289,51876,71,76.83,Limitless (2011)
106782,993846,106646,74,79.06,The Wolf of Wall Street (2013)
112552,2582802,244786,70,83.17,Whiplash (2014)
112556,2267998,210577,75,79.17,Gone Girl (2014)
1968,88847,2108,66,76.48,The Breakfast Club (1985)
2115,87469,87,62,73.99,Indiana Jones and the Temple of Doom (1984)
4816,196229,9398,61,64.92,Zoolander (2001)
8464,390521,9372,60,68.73,Super Size Me (2004)
32587,401792,187,60,74.97,Sin City (2005)
33493,121766,1895,61,68.07,Star Wars: Episode III - Revenge of the Sith (2005)
96079,1074638,37724,60,74.95,Skyfall (2012)
116797,2084970,205596,63,79.9,The Imitation Game (2014)
3949,180093,641,37,79.62,Requiem for a Dream (2000)
5507,295701,7451,42,55.74,xXx (2002)
8984,349903,163,45,67.11,Ocean's Twelve (2004)